{
  "data": [
    {
      "id": "fdf80882-1fe3-4d20-8dcd-1c2e4d5e3b1e",
      "title": "Roadstar",
      "description": "Men Pure Cotton Casual Shirt",
      "price": 3999,
      "imgUrl": "Assets/images/products/Product1.jpg",
      "rating": "2.5"
    },
    {
      "id": "9421afdd-4009-4415-9a13-73fbdba72d55",
      "title": "Mast & Harbour",
      "description": "Regular Checked Casual Shirt",
      "price": 2999,
      "imgUrl": "Assets/images/products/Product2.jpg",
      "rating": "1.0"
    },
    {
      "id": "a59319c0-6048-448f-aaf6-376578e4d5c5",
      "title": "HIGHLANDER",
      "description": "Men Slim Fit Casual Shirt",
      "price": 2999,
      "imgUrl": "Assets/images/products/Product3.jpg",
      "rating": 0
    },
    {
      "id": "365b16c6-b112-4162-8403-b24671d476dc",
      "title": "HIGHLANDER",
      "description": "Men Slim Fit Casual Shirt",
      "price": 2999,
      "imgUrl": "Assets/images/products/Product4.jpg",
      "rating": "2.0"
    },
    {
      "id": "822caa01-065e-4f84-8831-dd31fe036e6b",
      "title": "Roadstar",
      "description": "Men Pure Cotton Casual Shirt",
      "price": 3999,
      "imgUrl": "Assets/images/products/Product5.jpg",
      "rating": "5.0"
    },
    {
      "id": "10313c5c-16b4-4256-b22c-06e462605887",
      "title": "Mast & Harbour",
      "description": "Regular Checked Casual Shirt",
      "price": 2999,
      "imgUrl": "Assets/images/products/Product6.jpg",
      "rating": "3.5"
    },
    {
      "id": "d4501c0d-749a-4af9-8f0b-8b4232bb2171",
      "title": "Roadstar",
      "description": "Men Pure Cotton Casual Shirt",
      "price": 3999,
      "imgUrl": "Assets/images/products/Product7.jpg",
      "rating": 0
    },
    {
      "id": "6073b0ed-583d-40aa-bbc5-c4747a205de0",
      "title": "HIGHLANDER",
      "description": "Men Slim Fit Casual Shirt",
      "price": 2999,
      "imgUrl": "Assets/images/products/Product8.jpg",
      "rating": 0
    },
    {
      "id": "a3c5d4f8-1c73-4c7c-8e00-2bbc2c2b559c",
      "title": "Roadster",
      "description": "Printed casual Shirt",
      "price": 2999,
      "imgUrl": "Assets/images/products/Product9.jpg",
      "rating": 0
    },
    {
      "id": "e392b0e0-c7a2-4848-8c56-6956155a8e61",
      "title": "HIGHLANDER",
      "description": "Men Slim Fit Casual Shirt",
      "price": 2999,
      "imgUrl": "Assets/images/products/Product10.jpg",
      "rating": "3.0"
    }
  ],
  "reviews": [
    {
      "name": "Johnson ",
      "email": "johnson@g.com",
      "phone": "23456",
      "feedback": "wergthghmh klsnlksenkje geg elsejne tslhjlsngensgn lejgej ",
      "rating": 4,
      "productId": "fdf80882-1fe3-4d20-8dcd-1c2e4d5e3b1e",
      "id": 1
    },
    {
      "name": "qwrwe",
      "email": "arr@g.com",
      "phone": "4234353466456456",
      "feedback": "sflmkjreojg jhrekghrekge kjerkjgergjerg  ehgesri gjaehithe ",
      "rating": 1,
      "productId": "fdf80882-1fe3-4d20-8dcd-1c2e4d5e3b1e",
      "id": 2
    },
    {
      "name": "asddfsf",
      "email": "arr@gggg.com",
      "phone": "5345656764534335",
      "feedback": "wresgtdhfgdfszdxg rthrstthsgerkj whaui grebgi relrgeihe g",
      "rating": 2,
      "productId": "fdf80882-1fe3-4d20-8dcd-1c2e4d5e3b1e",
      "id": 4
    },
    {
      "name": "test",
      "email": "tets@gmail.com",
      "phone": "2345678",
      "feedback": "Most of the t-shirts in this price range looks good but the fabric is of inferior quality. After using this for quite a long time I must say that this is the best quality fabric available at this price range.",
      "rating": 5,
      "productId": "822caa01-065e-4f84-8831-dd31fe036e6b",
      "id": 6
    },
    {
      "name": "WDFE",
      "email": "AD@GAIL.COM",
      "phone": "34565",
      "feedback": "The fabric is breathable and very comfortable for nightwear. There’s no complaint of colour fading but in long term it’ll definitely loose its sheen just like other cotton clothes do. Stitching is fine and fitting is perfect but I would advise to buy a size up.",
      "rating": 3,
      "productId": "fdf80882-1fe3-4d20-8dcd-1c2e4d5e3b1e",
      "id": 7
    },
    {
      "name": "Johnson ",
      "email": "areef@gmail.com",
      "phone": "3456789",
      "feedback": "Although it looks plain and simple but it goes really well with a pair of jeans if you’re planning to wear it on a casual outing. After few washes, it’ll be good to wear it at home or as a nightwear.\n",
      "rating": 1,
      "productId": "9421afdd-4009-4415-9a13-73fbdba72d55",
      "id": 8
    },
    {
      "name": "ABU",
      "email": "AB@GMAIL.COM",
      "phone": "34567898",
      "feedback": "TEST TESTTEST TESTTESTTEST TESTTEST TESTTESTTESTTESTTEST",
      "rating": 3,
      "productId": "e392b0e0-c7a2-4848-8c56-6956155a8e61",
      "id": 9
    },
    {
      "name": "Johnson ",
      "email": "johnson@g.com",
      "phone": "7865748367",
      "feedback": "bsvieb eirke ivb enwgrib kbink rw ik wqrkin orngoroen onronorvrnen rereine",
      "rating": 4,
      "productId": "10313c5c-16b4-4256-b22c-06e462605887",
      "id": 10
    },
    {
      "name": "test",
      "email": "test123@gmail.com",
      "phone": "897689549",
      "feedback": "bibirbivbe innebtieb unoreibten nononerv uomergv noorev nnrve no ergvernvu",
      "rating": 3,
      "productId": "10313c5c-16b4-4256-b22c-06e462605887",
      "id": 11
    }
  ],
  "contactData": {
    "address": "280 ParK Avenue Z,Cross cut Complex, Bangalore, India",
    "phone": [
      "(91) 987 654 3210",
      "(91) 987 654 3211"
    ],
    "email": "contact@sparkclothing.com"
  },
  "getInTouchData": [
    {
      "name": "aswin",
      "email": "aswin210@gmail.com",
      "phone": "3333333123",
      "message": "Hi",
      "id": 1
    },
    {
      "name": "areef",
      "email": "areef@gmail.com",
      "phone": "948494839",
      "message": "hello",
      "id": 2
    },
    {
      "name": "Johnson ",
      "email": "johnson@g.com",
      "phone": "987654323",
      "message": "hello world",
      "id": 3
    }
  ],
  "aboutUs": {
    "tagLine": "We have the capabilities and experience to deliver the products you need to move forward.",
    "history": "<p>The story of Spark Clothings started in Bangalore in the year 2000 with wholesale of hosiery and woven garments, catering to the needs of various wholesalers and retailers across India. Bangalore textiles industry stands at USD 4.2 billion in 2012 and is globally famous for its hosiery products. The City has more than 5,000 garment manufacturing units and job work units,and is one of the most organised processing and finishing garment clusters in India.</p><p>The firm came into existence in the year 2005 as a Sole Proprietorship concern in Bangalore, Tamil Nadu. In the year 2007 it started as family enterprise with a tiny shop selling Men&#39;s apparel at much lesser price than market and expanded to full men&#39;s wear during next six months. The journey continued and in 2011 launched its first exclusively brand store in Bangalore with bigger retailing space for Men&#39;s wear, Women&#39;s wear and Kids clothing.Spark Clothings is engaged into multiple business activities which include manufacturing, supplying and trading in a wide array of clothing products which include Women&#39;s Wear,Polo T-Shirt, Girls T-Shirt and many more.</p><p>The range offered is well acknowledged for their availability in stylish pattern, perfect finish and comfort in wearing. Products are developed after careful attention and hard work of Spark team. It aspires to render quality striven products which guarantee cheerfulness of end customer.</p>"
  }
}